{"cameraMode":{"drawMode":0,"name":"Shaded","section":"Shading Mode"},"sceneLighting":false,"audioPlay":false,"sceneViewState":{"showFog":false,"showMaterialUpdate":false,"showSkybox":false,"showFlares":false,"showImageEffects":false,"showParticleSystems":false},"in2DMode":false,"pivot":{"x":-246.32223510742188,"y":190.2803955078125,"z":-1.4901161193847657e-8},"rotation":{"x":0.13050003349781037,"y":-0.75117427110672,"z":0.15610477328300477,"w":0.6279641389846802},"size":0.6343510150909424,"orthographic":true}