{"cameraMode":{"drawMode":0,"name":"Shaded","section":"Shading Mode"},"sceneLighting":false,"audioPlay":false,"sceneViewState":{"showFog":false,"showMaterialUpdate":false,"showSkybox":false,"showFlares":false,"showImageEffects":false,"showParticleSystems":false},"in2DMode":false,"pivot":{"x":686.6412963867188,"y":-27.810373306274415,"z":-46.16776657104492},"rotation":{"x":-0.11154469847679138,"y":0.6674697399139404,"z":-0.10211523622274399,"w":-0.7291218638420105},"size":835.4995727539063,"orthographic":false}