{"cameraMode":{"drawMode":0,"name":"Shaded","section":"Shading Mode"},"sceneLighting":true,"audioPlay":false,"sceneViewState":{"showFog":false,"showMaterialUpdate":false,"showSkybox":false,"showFlares":false,"showImageEffects":false,"showParticleSystems":false},"in2DMode":false,"pivot":{"x":0.7854269742965698,"y":1.4995787143707276,"z":0.05201980471611023},"rotation":{"x":0.05316867679357529,"y":0.7513132691383362,"z":0.060990363359451297,"w":-0.6549758911132813},"size":1.8642597198486329,"orthographic":false}