{"cameraMode":{"drawMode":0,"name":"Shaded","section":"Shading Mode"},"sceneLighting":false,"audioPlay":false,"sceneViewState":{"showFog":false,"showMaterialUpdate":false,"showSkybox":false,"showFlares":false,"showImageEffects":false,"showParticleSystems":false},"in2DMode":false,"pivot":{"x":0.8173375725746155,"y":1.4173059463500977,"z":-3.4425570964813234},"rotation":{"x":0.13741692900657655,"y":0.6321266889572144,"z":-0.11522799730300904,"w":0.7538304924964905},"size":6.258397102355957,"orthographic":false}