{"cameraMode":{"drawMode":0,"name":"Shaded","section":"Shading Mode"},"sceneLighting":false,"audioPlay":false,"sceneViewState":{"showFog":false,"showMaterialUpdate":false,"showSkybox":false,"showFlares":false,"showImageEffects":false,"showParticleSystems":false},"in2DMode":false,"pivot":{"x":0.12162523716688156,"y":0.5823043584823608,"z":0.10637596249580383},"rotation":{"x":-0.057332735508680347,"y":0.8833352327346802,"z":-0.11217157542705536,"w":-0.4515015482902527},"size":2.8416104316711427,"orthographic":false}