{"cameraMode":{"drawMode":0,"name":"Shaded","section":"Shading Mode"},"sceneLighting":false,"audioPlay":false,"sceneViewState":{"showFog":false,"showMaterialUpdate":false,"showSkybox":false,"showFlares":false,"showImageEffects":false,"showParticleSystems":false},"in2DMode":false,"pivot":{"x":644.2889404296875,"y":225.13687133789063,"z":311.6779479980469},"rotation":{"x":-0.11154469847679138,"y":0.6674697399139404,"z":-0.10211523622274399,"w":-0.7291218638420105},"size":611.7174682617188,"orthographic":false}