{"cameraMode":{"drawMode":0,"name":"Shaded","section":"Shading Mode"},"sceneLighting":true,"audioPlay":false,"sceneViewState":{"showFog":false,"showMaterialUpdate":false,"showSkybox":false,"showFlares":false,"showImageEffects":false,"showParticleSystems":false},"in2DMode":false,"pivot":{"x":-0.3049582242965698,"y":0.5766818523406982,"z":-0.2498917579650879},"rotation":{"x":-0.0012725923443213106,"y":0.9925733804702759,"z":0.010422399267554284,"w":0.12119463086128235},"size":5.335740566253662,"orthographic":false}