{"cameraMode":{"drawMode":0,"name":"Shaded","section":"Shading Mode"},"sceneLighting":false,"audioPlay":false,"sceneViewState":{"showFog":false,"showMaterialUpdate":false,"showSkybox":false,"showFlares":false,"showImageEffects":false,"showParticleSystems":false},"in2DMode":false,"pivot":{"x":-1.4324593544006348,"y":0.803415060043335,"z":3.2449913024902345},"rotation":{"x":-0.14342878758907319,"y":0.7373917698860169,"z":-0.16552336513996125,"w":-0.6389742493629456},"size":5.168516159057617,"orthographic":false}