{"cameraMode":{"drawMode":0,"name":"Shaded","section":"Shading Mode"},"sceneLighting":true,"audioPlay":false,"sceneViewState":{"showFog":false,"showMaterialUpdate":false,"showSkybox":false,"showFlares":false,"showImageEffects":false,"showParticleSystems":false},"in2DMode":false,"pivot":{"x":-0.4889947772026062,"y":-0.4835868775844574,"z":-1.281622052192688},"rotation":{"x":-0.11154469847679138,"y":0.6674697399139404,"z":-0.10211523622274399,"w":-0.7291218638420105},"size":8.490976333618164,"orthographic":false}