{"cameraMode":{"drawMode":0,"name":"Shaded","section":"Shading Mode"},"sceneLighting":false,"audioPlay":false,"sceneViewState":{"showFog":false,"showMaterialUpdate":false,"showSkybox":false,"showFlares":false,"showImageEffects":false,"showParticleSystems":false},"in2DMode":false,"pivot":{"x":1.3134307861328126,"y":-54.936798095703128,"z":15.367290496826172},"rotation":{"x":-0.2853209376335144,"y":0.6280211806297302,"z":-0.26612335443496706,"w":-0.6733282208442688},"size":210.81533813476563,"orthographic":false}